<step title="Incoming Request" date="2025-12-16T11:26:48.302" instance="cfa09e" url="/api/zipdeploy" method="POST" type="request" pid="5652,2,8" Content-Length="1802024" Content-Type="application/zip" Authorization="Bea..." Host="notify-test-jt01-func.scm.azurewebsites.net" If-Match="*" User-Agent="functions-core-tools/4.3.0" X-ARR-LOG-ID="8e752283-9083-46ca-9e98-ef195e0c9569" CLIENT-IP="94.0.66.132:63802" X-SITE-DEPLOYMENT-ID="notify-test-jt01-func" WAS-DEFAULT-HOSTNAME="notify-test-jt01-func.scm.azurewebsites.net" X-Forwarded-Proto="https" X-AppService-Proto="https" X-Forwarded-TlsVersion="1.3" X-WAWS-Unencoded-URL="/api/zipdeploy" >
  <step title="Cleanup Xml Logs" date="2025-12-16T11:26:48.333" /><!-- duration: 94ms -->
  <step title="ZipPushDeploy" date="2025-12-16T11:26:48.521" >
    <step title="Functions App ZipDeploy. Run from package." date="2025-12-16T11:26:48.552" /><!-- duration: 16ms -->
    <step title="Starting PushDeployAsync" date="2025-12-16T11:26:48.599" /><!-- duration: 16ms -->
    <step title="Updating shutdown sentinel last write time" date="2025-12-16T11:26:48.755" SemaphoreCount="7" /><!-- duration: 16ms -->
    <step title="LockFile &apos;C:\home\site\locks\deployments.lock&apos; acquired" date="2025-12-16T11:26:48.786" /><!-- duration: 16ms -->
    <step title="Saving request content to C:\home\data\SitePackages\20251216112648.zip" date="2025-12-16T11:26:48.833" >
      <step title="Total 1,802,024 bytes written to C:\home\data\SitePackages\20251216112648.zip" date="2025-12-16T11:26:48.911" /><!-- duration: 16ms -->
    </step><!-- duration: 156ms -->
    <step title="LockFile &apos;C:\home\site\locks\deployments.lock&apos; released" date="2025-12-16T11:26:49.005" /><!-- duration: 16ms -->
    <step title="Deleting shutdown sentinel file" date="2025-12-16T11:26:49.036" SemaphoreCount="8" /><!-- duration: 31ms -->
    <step title="Starting FetchDeploy" date="2025-12-16T11:26:49.083" /><!-- duration: 16ms -->
    <step title="Attempting to fetch target branch HEAD" date="2025-12-16T11:26:49.114" /><!-- duration: 16ms -->
    <step title="Updating shutdown sentinel last write time" date="2025-12-16T11:26:49.177" SemaphoreCount="7" /><!-- duration: 0ms -->
    <step title="LockFile &apos;C:\home\site\locks\deployments.lock&apos; acquired" date="2025-12-16T11:26:49.193" /><!-- duration: 16ms -->
    <step title="Performing fetch based deployment" date="2025-12-16T11:26:49.239" >
      <step title="Creating temporary deployment" date="2025-12-16T11:26:49.255" /><!-- duration: 141ms -->
      <step title="Fetching changes." date="2025-12-16T11:26:49.568" /><!-- duration: 16ms -->
      <step title="Starting LocalZipHandler" date="2025-12-16T11:26:49.614" /><!-- duration: 16ms -->
      <step title="Starting ExtractTriggers" date="2025-12-16T11:26:49.661" /><!-- duration: 16ms -->
      <step title="None repository commit" date="2025-12-16T11:26:49.818" >
        <step title="Commit id: c304320a362e4c5db45516e6128cca94" date="2025-12-16T11:26:49.833" Message="Created via a push deployment" AuthorName="N/A" AuthorEmail="N/A" /><!-- duration: 16ms -->
      </step><!-- duration: 47ms -->
      <step title="Before sending BuildRequestReceived status to /api/updatedeploystatus" date="2025-12-16T11:26:49.880" /><!-- duration: 16ms -->
      <step title="DeploymentManager.Deploy(id:c304320a362e4c5db45516e6128cca94)" date="2025-12-16T11:26:49.911" >
        <step title="Collecting changeset information" date="2025-12-16T11:26:49.943" /><!-- duration: 109ms -->
        <step title="Updating submodules" date="2025-12-16T11:26:50.068" >
          <step title="Updating submodules." date="2025-12-16T11:26:50.193" /><!-- duration: 16ms -->
        </step><!-- duration: 172ms -->
        <step title="Preparing deployment for commit id &apos;c304320a36&apos;." date="2025-12-16T11:26:50.380" /><!-- duration: 16ms -->
        <step title="Determining deployment builder" date="2025-12-16T11:26:50.521" >
          <step title="Builder is RunFromZipSiteBuilder" date="2025-12-16T11:26:50.552" /><!-- duration: 16ms -->
        </step><!-- duration: 63ms -->
        <step title="Copying SSH keys" date="2025-12-16T11:26:50.630" /><!-- duration: 47ms -->
        <step title="Building" date="2025-12-16T11:26:50.693" >
          <step title="Skipping build. Project type: Run-From-Zip" date="2025-12-16T11:26:50.818" /><!-- duration: 0ms -->
          <step title="Skipping post build. Project type: Run-From-Zip" date="2025-12-16T11:26:50.974" /><!-- duration: 0ms -->
          <step title="Triggering recycle (preview mode disabled)." date="2025-12-16T11:26:51.130" /><!-- duration: 16ms -->
          <step title="Ignoring FS watcher based recycle request as this is a classic Windows app." date="2025-12-16T11:26:51.177" /><!-- duration: 0ms -->
          <step title="Deployment successful. DEPLOYMENTINFO: deploymentPath = Functions App ZipDeploy. Run from package., deployer = ZipDeploy, os = windows, sku = Dynamic, language = node, siteName = notify-test-jt01-func, slotName = Production, siteHostName = notify-test-jt01-func.azurewebsites.net, deploymentStatus = Success" date="2025-12-16T11:26:51.302" /><!-- duration: 16ms -->
        </step><!-- duration: 984ms -->
      </step><!-- duration: 1781ms -->
      <step title="Cleaning up temp files" date="2025-12-16T11:26:51.693" /><!-- duration: 16ms -->
      <step title="Updating C:\home\data\SitePackages\packagename.txt with deployment 20251216112648.zip" date="2025-12-16T11:26:51.739" /><!-- duration: 31ms -->
      <step title="Begin HttpPost https://notify-test-jt01-func.scm.azurewebsites.net/operations/settriggers, x-ms-request-id: 8e752283-9083-46ca-9e98-ef195e0c9569" date="2025-12-16T11:26:51.849" /><!-- duration: 16ms -->
      <step title="End HttpPost, status: OK" date="2025-12-16T11:26:52.318" /><!-- duration: 16ms -->
      <step title="Scheduling background sync triggers after delay" date="2025-12-16T11:26:52.349" /><!-- duration: 16ms -->
    </step><!-- duration: 3250ms -->
    <step title="LockFile &apos;C:\home\site\locks\deployments.lock&apos; released" date="2025-12-16T11:26:52.505" /><!-- duration: 31ms -->
  </step><!-- duration: 4031ms -->
  <step title="Outgoing response" date="2025-12-16T11:26:52.568" type="response" statusCode="200" statusText="OK" Server="Microsoft-IIS/10.0" x-ms-request-id="8e752283-9083-46ca-9e98-ef195e0c9569" Cache-Control="private" X-AspNet-Version="4.0.30319" /><!-- duration: 16ms -->
</step><!-- duration: 4297ms -->
