<Events><Event><System><Provider Name="IIS AspNetCore Module V2"/><EventID>1033</EventID><Level>4</Level><Task>0</Task><Keywords>Keywords</Keywords><TimeCreated SystemTime="2025-12-16T11:49:13Z"/><EventRecordID>41165203</EventRecordID><Channel>Application</Channel><Computer>10-30-0-19</Computer><Security/></System><EventData><Data>Application 'MACHINE/WEBROOT/APPHOST/MAWSFNPLACEHOLDER54_F_V4_POWERSHELL_7.2_X64' has shutdown.</Data><Data>Process Id: 7516.</Data><Data>File Version: 18.0.25301.22. Description: IIS ASP.NET Core Module V2 Request Handler. Commit: </Data></EventData></Event><Event><System><Provider Name="IIS AspNetCore Module V2"/><EventID>1032</EventID><Level>4</Level><Task>0</Task><Keywords>Keywords</Keywords><TimeCreated SystemTime="2025-12-16T12:13:50Z"/><EventRecordID>163781843</EventRecordID><Channel>Application</Channel><Computer>10-30-2-147</Computer><Security/></System><EventData><Data>Application 'C:\Program Files (x86)\SiteExtensions\Functions\4.1045.200\64bit\' started successfully.</Data><Data>Process Id: 5324.</Data><Data>File Version: 18.0.25301.22. Description: IIS ASP.NET Core Module V2 Request Handler. Commit: </Data></EventData></Event><Event><System><Provider Name="IIS AspNetCore Module V2"/><EventID>1033</EventID><Level>4</Level><Task>0</Task><Keywords>Keywords</Keywords><TimeCreated SystemTime="2025-12-16T13:01:43Z"/><EventRecordID>166654593</EventRecordID><Channel>Application</Channel><Computer>10-30-2-147</Computer><Security/></System><EventData><Data>Application 'MACHINE/WEBROOT/APPHOST/NOTIFY-TEST-JT01-FUNC' has shutdown.</Data><Data>Process Id: 5324.</Data><Data>File Version: 18.0.25301.22. Description: IIS ASP.NET Core Module V2 Request Handler. Commit: </Data></EventData></Event><Event><System><Provider Name="IIS AspNetCore Module V2"/><EventID>1033</EventID><Level>4</Level><Task>0</Task><Keywords>Keywords</Keywords><TimeCreated SystemTime="2025-12-16T15:37:30Z"/><EventRecordID>40769562</EventRecordID><Channel>Application</Channel><Computer>10-30-15-21</Computer><Security/></System><EventData><Data>Application 'MACHINE/WEBROOT/APPHOST/MAWSFNPLACEHOLDER57_F_V4_DOTNET-ISOLATED_8.0_X64' has shutdown.</Data><Data>Process Id: 1220.</Data><Data>File Version: 18.0.25301.22. Description: IIS ASP.NET Core Module V2 Request Handler. Commit: </Data></EventData></Event><Event><System><Provider Name="IIS AspNetCore Module V2"/><EventID>1032</EventID><Level>4</Level><Task>0</Task><Keywords>Keywords</Keywords><TimeCreated SystemTime="2025-12-16T16:19:32Z"/><EventRecordID>164754734</EventRecordID><Channel>Application</Channel><Computer>10-30-1-33</Computer><Security/></System><EventData><Data>Application 'C:\Program Files (x86)\SiteExtensions\Functions\4.1045.200\64bit\' started successfully.</Data><Data>Process Id: 6444.</Data><Data>File Version: 18.0.25301.22. Description: IIS ASP.NET Core Module V2 Request Handler. Commit: </Data></EventData></Event><Event><System><Provider Name="IIS AspNetCore Module V2"/><EventID>1033</EventID><Level>4</Level><Task>0</Task><Keywords>Keywords</Keywords><TimeCreated SystemTime="2025-12-16T16:40:27Z"/><EventRecordID>166010046</EventRecordID><Channel>Application</Channel><Computer>10-30-1-33</Computer><Security/></System><EventData><Data>Application 'MACHINE/WEBROOT/APPHOST/NOTIFY-TEST-JT01-FUNC' has shutdown.</Data><Data>Process Id: 6444.</Data><Data>File Version: 18.0.25301.22. Description: IIS ASP.NET Core Module V2 Request Handler. Commit: </Data></EventData></Event><Event><System><Provider Name="IIS AspNetCore Module V2"/><EventID>1033</EventID><Level>4</Level><Task>0</Task><Keywords>Keywords</Keywords><TimeCreated SystemTime="2025-12-17T13:00:26Z"/><EventRecordID>2640250</EventRecordID><Channel>Application</Channel><Computer>10-30-17-242</Computer><Security/></System><EventData><Data>Application 'MACHINE/WEBROOT/APPHOST/MAWSFNPLACEHOLDER3_F_V4_DOTNET-ISOLATED_10.0_X64' has shutdown.</Data><Data>Process Id: 1948.</Data><Data>File Version: 18.0.25301.22. Description: IIS ASP.NET Core Module V2 Request Handler. Commit: </Data></EventData></Event><Event><System><Provider Name="IIS AspNetCore Module V2"/><EventID>1033</EventID><Level>4</Level><Task>0</Task><Keywords>Keywords</Keywords><TimeCreated SystemTime="2025-12-17T13:24:48Z"/><EventRecordID>30843203</EventRecordID><Channel>Application</Channel><Computer>10-30-11-26</Computer><Security/></System><EventData><Data>Application 'MACHINE/WEBROOT/APPHOST/MAWSFNPLACEHOLDER32_F_V4_POWERSHELL_7_X64' has shutdown.</Data><Data>Process Id: 7508.</Data><Data>File Version: 18.0.25301.22. Description: IIS ASP.NET Core Module V2 Request Handler. Commit: </Data></EventData></Event><Event><System><Provider Name="IIS AspNetCore Module V2"/><EventID>1032</EventID><Level>4</Level><Task>0</Task><Keywords>Keywords</Keywords><TimeCreated SystemTime="2025-12-18T21:43:51Z"/><EventRecordID>161965625</EventRecordID><Channel>Application</Channel><Computer>10-30-2-106</Computer><Security/></System><EventData><Data>Application 'C:\Program Files (x86)\SiteExtensions\Functions\4.1045.200\64bit\' started successfully.</Data><Data>Process Id: 7148.</Data><Data>File Version: 18.0.25301.22. Description: IIS ASP.NET Core Module V2 Request Handler. Commit: </Data></EventData></Event><Event><System><Provider Name="IIS AspNetCore Module V2"/><EventID>1033</EventID><Level>4</Level><Task>0</Task><Keywords>Keywords</Keywords><TimeCreated SystemTime="2025-12-18T22:08:46Z"/><EventRecordID>163461078</EventRecordID><Channel>Application</Channel><Computer>10-30-2-106</Computer><Security/></System><EventData><Data>Application 'MACHINE/WEBROOT/APPHOST/NOTIFY-TEST-JT01-FUNC' has shutdown.</Data><Data>Process Id: 7148.</Data><Data>File Version: 18.0.25301.22. Description: IIS ASP.NET Core Module V2 Request Handler. Commit: </Data></EventData></Event><Event><System><Provider Name="IIS AspNetCore Module V2"/><EventID>1033</EventID><Level>4</Level><Task>0</Task><Keywords>Keywords</Keywords><TimeCreated SystemTime="2025-12-22T16:01:17Z"/><EventRecordID>402117359</EventRecordID><Channel>Application</Channel><Computer>10-30-13-217</Computer><Security/></System><EventData><Data>Application 'MACHINE/WEBROOT/APPHOST/MAWSFNPLACEHOLDER567_F_V4_POWERSHELL_7_X64' has shutdown.</Data><Data>Process Id: 3860.</Data><Data>File Version: 18.0.25301.22. Description: IIS ASP.NET Core Module V2 Request Handler. Commit: </Data></EventData></Event><Event><System><Provider Name="IIS AspNetCore Module V2"/><EventID>1032</EventID><Level>4</Level><Task>0</Task><Keywords>Keywords</Keywords><TimeCreated SystemTime="2025-12-22T21:03:08Z"/><EventRecordID>420145500</EventRecordID><Channel>Application</Channel><Computer>10-30-13-214</Computer><Security/></System><EventData><Data>Application 'C:\Program Files (x86)\SiteExtensions\Functions\4.1045.200\64bit\' started successfully.</Data><Data>Process Id: 5988.</Data><Data>File Version: 18.0.25301.22. Description: IIS ASP.NET Core Module V2 Request Handler. Commit: </Data></EventData></Event><Event><System><Provider Name="IIS AspNetCore Module V2"/><EventID>1033</EventID><Level>4</Level><Task>0</Task><Keywords>Keywords</Keywords><TimeCreated SystemTime="2025-12-22T21:24:04Z"/><EventRecordID>421401375</EventRecordID><Channel>Application</Channel><Computer>10-30-13-214</Computer><Security/></System><EventData><Data>Application 'MACHINE/WEBROOT/APPHOST/NOTIFY-TEST-JT01-FUNC' has shutdown.</Data><Data>Process Id: 5988.</Data><Data>File Version: 18.0.25301.22. Description: IIS ASP.NET Core Module V2 Request Handler. Commit: </Data></EventData></Event><Event><System><Provider Name="IIS AspNetCore Module V2"/><EventID>1032</EventID><Level>4</Level><Task>0</Task><Keywords>Keywords</Keywords><TimeCreated SystemTime="2025-12-22T22:24:31Z"/><EventRecordID>203385875</EventRecordID><Channel>Application</Channel><Computer>10-30-2-105</Computer><Security/></System><EventData><Data>Application 'C:\Program Files (x86)\SiteExtensions\Functions\4.1045.200\64bit\' started successfully.</Data><Data>Process Id: 6252.</Data><Data>File Version: 18.0.25301.22. Description: IIS ASP.NET Core Module V2 Request Handler. Commit: </Data></EventData></Event><Event><System><Provider Name="IIS AspNetCore Module V2"/><EventID>1033</EventID><Level>4</Level><Task>0</Task><Keywords>Keywords</Keywords><TimeCreated SystemTime="2025-12-22T22:47:26Z"/><EventRecordID>204761531</EventRecordID><Channel>Application</Channel><Computer>10-30-2-105</Computer><Security/></System><EventData><Data>Application 'MACHINE/WEBROOT/APPHOST/NOTIFY-TEST-JT01-FUNC' has shutdown.</Data><Data>Process Id: 6252.</Data><Data>File Version: 18.0.25301.22. Description: IIS ASP.NET Core Module V2 Request Handler. Commit: </Data></EventData></Event><Event><System><Provider Name="IIS AspNetCore Module V2"/><EventID>1033</EventID><Level>4</Level><Task>0</Task><Keywords>Keywords</Keywords><TimeCreated SystemTime="2025-12-22T23:30:28Z"/><EventRecordID>334472046</EventRecordID><Channel>Application</Channel><Computer>10-30-8-195</Computer><Security/></System><EventData><Data>Application 'MACHINE/WEBROOT/APPHOST/MAWSFNPLACEHOLDER457_F_V4_POWERSHELL_7_X64' has shutdown.</Data><Data>Process Id: 2504.</Data><Data>File Version: 18.0.25301.22. Description: IIS ASP.NET Core Module V2 Request Handler. Commit: </Data></EventData></Event><Event><System><Provider Name="IIS AspNetCore Module V2"/><EventID>1033</EventID><Level>4</Level><Task>0</Task><Keywords>Keywords</Keywords><TimeCreated SystemTime="2025-12-23T00:36:26Z"/><EventRecordID>118196578</EventRecordID><Channel>Application</Channel><Computer>10-30-17-23</Computer><Security/></System><EventData><Data>Application 'MACHINE/WEBROOT/APPHOST/MAWSFNPLACEHOLDER164_F_V4_DOTNET-ISOLATED_8.0_X64' has shutdown.</Data><Data>Process Id: 7468.</Data><Data>File Version: 18.0.25301.22. Description: IIS ASP.NET Core Module V2 Request Handler. Commit: </Data></EventData></Event><Event><System><Provider Name="IIS AspNetCore Module V2"/><EventID>1032</EventID><Level>4</Level><Task>0</Task><Keywords>Keywords</Keywords><TimeCreated SystemTime="2025-12-23T18:09:46Z"/><EventRecordID>566044968</EventRecordID><Channel>Application</Channel><Computer>10-30-8-161</Computer><Security/></System><EventData><Data>Application 'C:\Program Files (x86)\SiteExtensions\Functions\4.1045.200\64bit\' started successfully.</Data><Data>Process Id: 8468.</Data><Data>File Version: 18.0.25301.22. Description: IIS ASP.NET Core Module V2 Request Handler. Commit: </Data></EventData></Event><Event><System><Provider Name="IIS AspNetCore Module V2"/><EventID>1033</EventID><Level>4</Level><Task>0</Task><Keywords>Keywords</Keywords><TimeCreated SystemTime="2025-12-23T18:35:40Z"/><EventRecordID>567598609</EventRecordID><Channel>Application</Channel><Computer>10-30-8-161</Computer><Security/></System><EventData><Data>Application 'MACHINE/WEBROOT/APPHOST/NOTIFY-TEST-JT01-FUNC' has shutdown.</Data><Data>Process Id: 8468.</Data><Data>File Version: 18.0.25301.22. Description: IIS ASP.NET Core Module V2 Request Handler. Commit: </Data></EventData></Event><Event><System><Provider Name="IIS AspNetCore Module V2"/><EventID>1032</EventID><Level>4</Level><Task>0</Task><Keywords>Keywords</Keywords><TimeCreated SystemTime="2025-12-23T22:51:16Z"/><EventRecordID>64993171</EventRecordID><Channel>Application</Channel><Computer>10-30-8-195</Computer><Security/></System><EventData><Data>Application 'C:\Program Files (x86)\SiteExtensions\Functions\4.1045.200\64bit\' started successfully.</Data><Data>Process Id: 2160.</Data><Data>File Version: 18.0.25301.22. Description: IIS ASP.NET Core Module V2 Request Handler. Commit: </Data></EventData></Event><Event><System><Provider Name="IIS AspNetCore Module V2"/><EventID>1033</EventID><Level>4</Level><Task>0</Task><Keywords>Keywords</Keywords><TimeCreated SystemTime="2025-12-23T23:28:11Z"/><EventRecordID>67207671</EventRecordID><Channel>Application</Channel><Computer>10-30-8-195</Computer><Security/></System><EventData><Data>Application 'MACHINE/WEBROOT/APPHOST/NOTIFY-TEST-JT01-FUNC' has shutdown.</Data><Data>Process Id: 2160.</Data><Data>File Version: 18.0.25301.22. Description: IIS ASP.NET Core Module V2 Request Handler. Commit: </Data></EventData></Event><Event><System><Provider Name="IIS AspNetCore Module V2"/><EventID>1033</EventID><Level>4</Level><Task>0</Task><Keywords>Keywords</Keywords><TimeCreated SystemTime="2025-12-24T02:19:15Z"/><EventRecordID>56309468</EventRecordID><Channel>Application</Channel><Computer>10-30-8-142</Computer><Security/></System><EventData><Data>Application 'MACHINE/WEBROOT/APPHOST/MAWSFNPLACEHOLDER87_F_V4_DOTNET-ISOLATED_8.0_X64' has shutdown.</Data><Data>Process Id: 4996.</Data><Data>File Version: 18.0.25301.22. Description: IIS ASP.NET Core Module V2 Request Handler. Commit: </Data></EventData></Event><Event><System><Provider Name="IIS AspNetCore Module V2"/><EventID>1033</EventID><Level>4</Level><Task>0</Task><Keywords>Keywords</Keywords><TimeCreated SystemTime="2025-12-24T03:27:04Z"/><EventRecordID>203710531</EventRecordID><Channel>Application</Channel><Computer>10-30-11-204</Computer><Security/></System><EventData><Data>Application 'MACHINE/WEBROOT/APPHOST/MAWSFNPLACEHOLDER273_F_V4_DOTNET-ISOLATED_8.0_X64' has shutdown.</Data><Data>Process Id: 4552.</Data><Data>File Version: 18.0.25301.22. Description: IIS ASP.NET Core Module V2 Request Handler. Commit: </Data></EventData></Event><Event><System><Provider Name="IIS AspNetCore Module V2"/><EventID>1032</EventID><Level>4</Level><Task>0</Task><Keywords>Keywords</Keywords><TimeCreated SystemTime="2025-12-27T14:49:14Z"/><EventRecordID>61451328</EventRecordID><Channel>Application</Channel><Computer>10-30-14-13</Computer><Security/></System><EventData><Data>Application 'C:\Program Files (x86)\SiteExtensions\Functions\4.1045.200\64bit\' started successfully.</Data><Data>Process Id: 4632.</Data><Data>File Version: 18.0.25301.22. Description: IIS ASP.NET Core Module V2 Request Handler. Commit: </Data></EventData></Event><Event><System><Provider Name="IIS AspNetCore Module V2"/><EventID>1033</EventID><Level>4</Level><Task>0</Task><Keywords>Keywords</Keywords><TimeCreated SystemTime="2025-12-27T14:56:30Z"/><EventRecordID>61887234</EventRecordID><Channel>Application</Channel><Computer>10-30-14-13</Computer><Security/></System><EventData><Data>Application 'MACHINE/WEBROOT/APPHOST/NOTIFY-TEST-JT01-FUNC' has shutdown.</Data><Data>Process Id: 4632.</Data><Data>File Version: 18.0.25301.22. Description: IIS ASP.NET Core Module V2 Request Handler. Commit: </Data></EventData></Event><Event><System><Provider Name="IIS AspNetCore Module V2"/><EventID>1032</EventID><Level>4</Level><Task>0</Task><Keywords>Keywords</Keywords><TimeCreated SystemTime="2025-12-27T15:33:06Z"/><EventRecordID>125233218</EventRecordID><Channel>Application</Channel><Computer>10-30-2-60</Computer><Security/></System><EventData><Data>Application 'C:\Program Files (x86)\SiteExtensions\Functions\4.1045.200\64bit\' started successfully.</Data><Data>Process Id: 2424.</Data><Data>File Version: 18.0.25301.22. Description: IIS ASP.NET Core Module V2 Request Handler. Commit: </Data></EventData></Event><Event><System><Provider Name="IIS AspNetCore Module V2"/><EventID>1033</EventID><Level>4</Level><Task>0</Task><Keywords>Keywords</Keywords><TimeCreated SystemTime="2025-12-27T16:11:10Z"/><EventRecordID>127517687</EventRecordID><Channel>Application</Channel><Computer>10-30-2-60</Computer><Security/></System><EventData><Data>Application 'MACHINE/WEBROOT/APPHOST/NOTIFY-TEST-JT01-FUNC' has shutdown.</Data><Data>Process Id: 2424.</Data><Data>File Version: 18.0.25301.22. Description: IIS ASP.NET Core Module V2 Request Handler. Commit: </Data></EventData></Event><Event><System><Provider Name="IIS AspNetCore Module V2"/><EventID>1032</EventID><Level>4</Level><Task>0</Task><Keywords>Keywords</Keywords><TimeCreated SystemTime="2025-12-27T16:11:28Z"/><EventRecordID>127535546</EventRecordID><Channel>Application</Channel><Computer>10-30-2-60</Computer><Security/></System><EventData><Data>Application 'C:\Program Files (x86)\SiteExtensions\Functions\4.1045.200\64bit\' started successfully.</Data><Data>Process Id: 8808.</Data><Data>File Version: 18.0.25301.22. Description: IIS ASP.NET Core Module V2 Request Handler. Commit: </Data></EventData></Event><Event><System><Provider Name="IIS AspNetCore Module V2"/><EventID>1033</EventID><Level>4</Level><Task>0</Task><Keywords>Keywords</Keywords><TimeCreated SystemTime="2025-12-27T16:16:01Z"/><EventRecordID>127808609</EventRecordID><Channel>Application</Channel><Computer>10-30-2-60</Computer><Security/></System><EventData><Data>Application 'MACHINE/WEBROOT/APPHOST/NOTIFY-TEST-JT01-FUNC' has shutdown.</Data><Data>Process Id: 8808.</Data><Data>File Version: 18.0.25301.22. Description: IIS ASP.NET Core Module V2 Request Handler. Commit: </Data></EventData></Event><Event><System><Provider Name="IIS AspNetCore Module V2"/><EventID>1032</EventID><Level>4</Level><Task>0</Task><Keywords>Keywords</Keywords><TimeCreated SystemTime="2025-12-27T16:17:14Z"/><EventRecordID>127882078</EventRecordID><Channel>Application</Channel><Computer>10-30-2-60</Computer><Security/></System><EventData><Data>Application 'C:\Program Files (x86)\SiteExtensions\Functions\4.1045.200\64bit\' started successfully.</Data><Data>Process Id: 8316.</Data><Data>File Version: 18.0.25301.22. Description: IIS ASP.NET Core Module V2 Request Handler. Commit: </Data></EventData></Event></Events>