﻿<?xml version="1.0" encoding="utf-8"?>
<deployment>
  <id>c304320a362e4c5db45516e6128cca94</id>
  <author>N/A</author>
  <deployer>ZipDeploy</deployer>
  <authorEmail>N/A</authorEmail>
  <message>Created via a push deployment</message>
  <progress></progress>
  <status>Success</status>
  <statusText></statusText>
  <lastSuccessEndTime>2025-12-16T11:26:51.380555Z</lastSuccessEndTime>
  <receivedTime>2025-12-16T11:26:49.9899063Z</receivedTime>
  <startTime>2025-12-16T11:26:50.4586689Z</startTime>
  <endTime>2025-12-16T11:26:51.380555Z</endTime>
  <complete>True</complete>
  <is_temp>False</is_temp>
  <is_readonly>True</is_readonly>
  <project_type>Run-From-Zip</project_type>
  <vsproject_id></vsproject_id>
</deployment>