{"TimeStamp":"2025-12-16T11:26:51Z","SiteName":"notify-test-jt01-func","RequestId":"8e752283-9083-46ca-9e98-ef195e0c9569","Kind":"ZipDeploy","Status":"Success","Details":"{\"Id\":\"c304320a362e4c5db45516e6128cca94\",\"Status\":4,\"StatusText\":\"\",\"AuthorEmail\":\"N/A\",\"Author\":\"N/A\",\"Message\":\"Created via a push deployment\",\"Progress\":\"\",\"Deployer\":\"ZipDeploy\",\"ReceivedTime\":\"2025-12-16T11:26:49.9899063Z\",\"StartTime\":\"2025-12-16T11:26:50.4586689Z\",\"EndTime\":\"2025-12-16T11:26:51.380555Z\",\"LastSuccessEndTime\":\"2025-12-16T11:26:51.380555Z\",\"Complete\":true,\"IsTemporary\":false,\"IsReadOnly\":true,\"SiteName\":\"notify-test-jt01-func\",\"HostName\":\"notify-test-jt01-func.scm.azurewebsites.net\",\"ProjectType\":\"Run-From-Zip\",\"VsProjectId\":null}"}